{
  "project_info": {
    "project_number": "327463092138",
    "project_id": "bloodbank-d189e",
    "storage_bucket": "bloodbank-d189e.appspot.com"
  },
  "client": [
    {
      "client_info": {
        "mobilesdk_app_id": "1:327463092138:android:f8482872b00d8b21eff5d3",
        "android_client_info": {
          "package_name": "com.example.blood"
        }
      },
      "oauth_client": [],
      "api_key": [
        {
          "current_key": "AIzaSyD2KFbYpn2a_eJiFffuTOECWoyV8P5jAjg"
        }
      ],
      "services": {
        "appinvite_service": {
          "other_platform_oauth_client": []
        }
      }
    }
  ],
  "configuration_version": "1"
}