{
  "project_info": {
    "project_number": "7883205640",
    "project_id": "vit-20bct0142-bloodbank",
    "storage_bucket": "vit-20bct0142-bloodbank.appspot.com"
  },
  "client": [
    {
      "client_info": {
        "mobilesdk_app_id": "1:7883205640:android:15354b0bb768aee86135bd",
        "android_client_info": {
          "package_name": "com.example.vit_20bct0142_bloodbank"
        }
      },
      "oauth_client": [],
      "api_key": [
        {
          "current_key": "AIzaSyCWgcl71arTDrtESqcfGl-MxQRc5lzFXKE"
        }
      ],
      "services": {
        "appinvite_service": {
          "other_platform_oauth_client": []
        }
      }
    }
  ],
  "configuration_version": "1"
}